x_value,total_1
0,0
0.3,0.29552020666133955
0.6,0.5646424733950354
0.8999999999999999,0.7833269096274833
1.2,0.9320390859672263
1.5,0.9974949866040544
1.8,0.9738476308781951
2.1,0.8632093666488738
2.4,0.675463180551151
2.6999999999999997,0.42737988023383017
2.9999999999999996,0.14112000805986766
3.2999999999999994,-0.15774569414324777
3.599999999999999,-0.4425204432948517
